split,image_name,class_id,center_x,center_y,width,height
train,position_002_png.rf.0524011060c278ec465a7a181398b45c,0,0.7648313732678694,0.2125164394546275,0.7130197351582391,0.17141487487214935
train,position_003_png.rf.30cde2035b34d67bad467550937a203c,0,0.14869516302083335,0.9549247900000002,0.11059354011324422,0.9324369030165485
train,position_008_png.rf.697021a2b5a13fd51085ede4b342a01d,0,0.3694130208333333,0.7034591666666667,0.3209057004913833,0.6506539610627491
train,position_010_png.rf.5cd0e0523cc3efdc80497fba05ae595a,0,0.8767994791666667,0.1085108333333333,0.8403487977412532,0.034023511459946955
train,position_011_png.rf.024df83d728b482bd6a0a583c20817f0,0,0.7505953125,0.8507358333333331,0.7371021435451794,0.7598399197886028
train,position_013_png.rf.490d04da2f72f4fec93b1e711b37a975,0,0.4798667536458333,0.13704264,0.463431014281644,0.08049489597444842
train,position_015_png.rf.09c5009f8e45f81775134afeae34634b,0,0.3146703125,0.2514175,0.28682895299568767,0.17040711066809278
train,position_016_png.rf.96844beb790aeb5b31c2a7f64e42c8a1,0,0.9456541,0.7563283158333334,0.9372478676251217,0.6957215735948804
train,position_017_png.rf.1d8954cbb1ec7534c8e3519e939d9835,0,0.6533609687181255,0.6842278839715267,0.6040277817708334,0.6340357100000001
train,position_018_png.rf.2723fa4feb25e5a8192628e65c837216,0,0.28545555260416666,0.1812473591666667,0.24879151122660384,0.15825923784996757
train,position_020_png.rf.4223a2fb87ba5864aaf7d55c972deefa,0,0.20171514313182393,0.7542705424526507,0.1712865373117643,0.7149352727034441
train,position_024_png.rf.22b3d7922f280dfe5b332457c8f3388c,0,0.34866745395519877,0.9325992554608838,0.29765946822916667,0.8867068291666668
train,position_025_png.rf.6f08c41aba0901f1d1d73306011bef9c,0,0.7171222296875001,0.8890008033333333,0.6915052587299314,0.8417181760404417
train,position_027_png.rf.862d573885776feb6c81a0be351ce2b5,0,0.2694442708333333,0.2963591666666666,0.2472223958333333,0.20915500000000006
train,position_028_png.rf.a37886d91119446e9bf2b2b8c80d75eb,0,0.43146364010416677,0.7043915583333334,0.404440859375,0.6585733800000001
train,position_029_png.rf.0b2be65157d32fb3b2b95dd117844241,0,0.4338682979166668,0.9195916558333335,0.37648096222807487,0.9075533514734898
train,position_030_png.rf.35f3ad491b1d35c1ea262698a82b2a73,0,0.11135416666666667,0.5472891666666666,0.09449409384573827,0.45863356606865274
train,position_031_png.rf.a0e5ec6c09811c430a419e3215b16fbc,0,0.7441941509993034,0.8039462824472406,0.738930934839811,0.708834584040985
train,position_032_png.rf.8c032c443605faaaaa376fd0ec2deeda,0,0.09153645833333335,0.4080275,0.06260977976256309,0.36512245731791143
train,position_035_png.rf.4b2e43466ee5668b5d68f947988716f0,0,0.5619791666666668,0.7132125,0.557733302693334,0.6502086631065632
train,position_038_png.rf.79960b0bf684803a9b43f4e4b0862230,0,0.5292106523598215,0.254041136005368,0.4773497394074398,0.21381642887695979
train,position_041_png.rf.555f4edd9d1db21f50a1ef8b3c01f676,0,0.6918686645833334,0.5288387208333333,0.6891938285345145,0.4365029556165128
train,position_045_png.rf.0442800ac012298456b1ff976e7cb897,0,0.9725531894049745,0.9079461336393401,0.9421178527435515,0.8274588205196184
train,position_046_png.rf.b8fe95654c07b0638923c6fe0a76ecf2,0,0.0939234375,0.5146816666666668,0.09143892695380768,0.4546814824648296
train,position_047_png.rf.5dfef0518da95c9aa2c1b11b15297fce,0,0.1453125000000001,0.7284991666666667,0.10580122864672058,0.7180421256279712
train,position_048_png.rf.9015eceea786a6e2610f7eeda3f589ae,0,0.2931921875,0.5416391666666668,0.26585078510400056,0.4965872341208793
train,position_049_png.rf.0e48b87039fe9047f36fd603b56d8e4c,0,0.2452391317708333,0.3587570766666667,0.24465368878622556,0.2657628446797247
train,position_050_png.rf.415df0f638b798d8179a029d96643041,0,0.7171805177083332,0.9511957391666666,0.6930859739583332,0.8885004366666668
train,position_052_png.rf.7fccbe21ddce368809b44fff99eb0347,0,0.1492141268256643,0.5563832152148498,0.09093453147822068,0.5508300512130069
train,position_053_png.rf.ab8c2234d74a0d94595af2357fa1ff78,0,0.6164864766348417,0.6133270493439237,0.5791598140625,0.5985416283333335
train,position_054_png.rf.3ff6a21aa931a41e9562586e5a636cfe,0,0.09975937500000003,0.2276633333333334,0.05566332426575671,0.16499109733901143
train,position_056_png.rf.706d4098462b93ce5983fd7afd46611b,0,0.7876478817708333,0.9533682483333334,0.7385935572916666,0.9042023475000002
train,position_057_png.rf.213123bd9bcd1dadf5a51b07d12b15bc,0,0.15590805530996815,0.18114658598711755,0.11874562541369907,0.15552657193239652
train,position_058_png.rf.17aae6f160a36999c7ea112176be18c6,0,0.5070689932291667,0.5921157266666668,0.49401139204175487,0.5339722515161445
train,position_059_png.rf.243403cdf957318723d7c588fdbbc4fe,0,0.30574950616173757,0.026647791674707787,0.2833448368909043,-0.01712529832529223
train,position_060_png.rf.3f2a96a8360479e18214edce4d15afb2,0,0.44198697916666674,0.39247750000000015,0.4041458341516016,0.3798185891602757
train,position_062_png.rf.25f98a76dd88d1a19fddba275f32c5b2,0,0.489742971875,0.08116352166666668,0.4774960579696319,0.022564139524688328
train,position_063_png.rf.2adbee2b1636a2517e16a290ff9f0d43,0,0.27697149599310583,0.8572919231785519,0.2232554113253938,0.823536190986328
train,position_066_png.rf.c6eab567f2e2b9335b1c2e3c8c6c8dbf,0,0.7642572994791668,0.451260825,0.7526723572125363,0.3910707727600788
train,position_069_png.rf.2bb4059745de505c153b58f67026dd0c,0,0.23937500000000006,0.4652,0.20752172633681967,0.42963536185195644
train,position_070_png.rf.32009890aad8e6631642173ecce27584,0,0.8220898412120661,0.3207741267637517,0.7653798738344981,0.30379009705871396
train,position_076_png.rf.1577ffccdd2131f7e2f2ba7b21a3ef78,0,0.5863286828125,0.5329203674999998,0.5542250786458335,0.4553023658333332
train,position_077_png.rf.c33038a9e881777d156131364cbb0c68,0,0.9874121449385529,0.17808609103269332,0.959155547184535,0.09657932090331683
train,position_078_png.rf.bd3d293da1981376c1a00e61d18eb6d8,0,0.35533621249999997,0.28027040500000006,0.32554947016769115,0.24342123094741963
train,position_079_png.rf.9f7b5c22be2c7ab0a3d4d957da468b71,0,0.14692708333333332,0.2159675,0.11616526845437739,0.17517111287614098
train,position_082_png.rf.227b25970ef10036e9eb8036b15a7025,0,0.18909785468750004,0.8431573525000001,0.13469814347972223,0.8077022820979837
train,position_083_png.rf.33a6f303a2e547997dfd0b72e108a906,0,0.39424834687018356,0.25963628729054766,0.3384214386771199,0.23254157938805883
train,position_084_png.rf.01a53f81eb502118df97dede888cdea3,0,0.3405302083333333,0.3278416666666667,0.34003914514300454,0.2663375894211752
train,position_085_png.rf.003ceb4347d00dc10cef1b5544a2da7a,0,0.7915255250863571,0.38817195619510725,0.7863797891327163,0.32609084382419534
train,position_093_png.rf.0052714e9ec3ad4f12cbf66f4e12adaa,0,0.7766181593473794,0.5802071568458104,0.7636977838344653,0.4874782069488996
train,position_095_png.rf.37a5795071038b06b2ed4fd967662ef0,0,0.3899291661833921,0.17870347054739416,0.38284008345148146,0.1152298934720765
train,position_097_png.rf.55e68cc32e5553aaba11a4e6aa5c51b9,0,0.4278711697916668,0.8155019991666668,0.3714337800215489,0.793088986718064
train,position_098_png.rf.1e5411725ec29a1355ed33cc90f2f6b4,0,0.32947066927083335,0.6194125024999999,0.29109418958333333,0.6147496483333333
train,position_101_png.rf.2a4660afa54d86159b290390aead7936,0,0.7870811860042993,0.5669079277614923,0.7696949197916667,0.4756106191666667
train,position_105_png.rf.bd9022c7967bcb0ef50ca24bcbed5466,0,0.12960729166666668,0.2672116666666667,0.1227359109959082,0.20779781079306428
train,position_106_png.rf.3e9208212132e22da387d6138aaf09c0,0,0.434163196437875,0.9049337635899167,0.3940595632638718,0.8371240077582695
train,position_107_png.rf.873c271969c610f7a5375806ee6d0198,0,0.998500421875,0.33206621583333346,0.9801418112452701,0.27646925586936805
train,position_110_png.rf.394c293d7fc55c850770b6563015d57c,0,0.8314979166666667,0.9329033333333334,0.8066474510558022,0.8863659647723456
train,position_111_png.rf.03c6102711253f355f2c5254733f494f,0,0.2526714203125,0.753706905,0.25259006642471954,0.6925760249987714
train,position_112_png.rf.6030eacd406a959597fe5c78106560c0,0,0.9006010416666665,0.09907750000000012,0.8759496221101398,0.0512686863146151
train,position_116_png.rf.147b5a44a5133ae7bb828274fc7a439f,0,0.9925786937466576,0.8952216886148544,0.9856770833333334,0.8347408333333333
train,position_117_png.rf.90937f4fc86b5d0802dde8ae152716b6,0,0.6299713541666667,0.3128466666666668,0.5903371187062117,0.3045011071614487
train,position_123_png.rf.0ac44350ed9969d109e16bf426995b61,0,0.7231991201094095,0.2998368266799758,0.7225550599924879,0.20679642581561464
train,position_124_png.rf.89d6f34943aa36ea443ffd076439db29,0,0.5642359375000002,0.9130900000000003,0.5072691220682494,0.894825013322568
train,position_125_png.rf.608e58d7bdd015b32aaf97cf542b01ba,0,0.34744494011941973,0.7374520867653007,0.31831902267163226,0.6564375948418321
train,position_126_png.rf.0dfbdcc6fca9bc8c84718b5ce79386b4,0,0.6927885416666667,0.07016333333333345,0.6741481303169922,0.01623136838019036
train,position_128_png.rf.5b389f1bb5595e560b8229b112cb0625,0,0.3349390625,0.2762916666666667,0.3016616461124601,0.24247020761576016
train,position_129_png.rf.8d1584f1addc765e2a9e929552d8eb56,0,0.512935325,0.8264936933333334,0.48089406578027183,0.792924410494922
train,position_131_png.rf.47998f0ca838db672cd2e78333f0a2cb,0,0.258060381450469,0.669972686667361,0.2449490452674734,0.5798747835255998
train,position_136_png.rf.0c99917172ce81bb3593ab6cad2b1207,0,0.10023697916666666,0.2114758333333333,0.0943540938834631,0.11828233025671515
train,position_137_png.rf.3eda455cfe4eedbb11bfa2a4c6416131,0,0.36375885416666665,0.644,0.34737343176002616,0.5878886011128748
train,position_142_png.rf.1562fd9d29cd2a5d5bab34856f94d71e,0,0.5368544786458334,0.2683943208333334,0.47828589114583325,0.2672198616666667
train,position_144_png.rf.6f5660b982c01becc4368b854722fdc1,0,0.13064985319150463,0.7465809683604037,0.0959730059818566,0.7183174273735824
train,position_152_png.rf.0a5df2938d4ea90e75255dc97fcd7216,0,0.20732063155478633,0.2971097319157643,0.1816102474886452,0.25008050516955954
train,position_155_png.rf.0f0adb943b0257e324be2a18a284c3b5,0,0.8650038169392325,0.5531220940791528,0.8580735880208333,0.49311210916666665
train,position_156_png.rf.857e4ba0db72fbe08a6fc8b5de5af868,0,0.9525570885416667,0.5396622083333334,0.9144352864474744,0.5229094901524803
train,position_166_png.rf.21cebf866df569f7589296dcbf2cd518,0,0.6175541364583333,0.6308105741666669,0.5693292353507794,0.5789335542896291
train,position_170_png.rf.2e660e4250be92b77c822e8f2b3cb29e,0,0.32184377034065076,0.08588168140413088,0.2793106149201454,0.0211989333006827
train,position_171_png.rf.1aeecee8985927388f7a9bfb01ee7037,0,0.8923257354166665,0.5323859516666669,0.8535458953125,0.5268969675000001
train,position_173_png.rf.96d0bb5625677d0dc22e630b7b6994c4,0,0.18584270833333333,0.1486675,0.18157211202600304,0.0885267645757492
train,position_178_png.rf.1585eec44899da581834b626b82495a2,0,0.5445200861484092,0.1296619475267704,0.5429153173717438,0.03749186933272047
train,position_186_png.rf.2e2c6df25b906a28a2537ecf2175c715,0,0.4057765625,0.1632950000000001,0.3473861056371906,0.15442715790130682
train,position_188_png.rf.79a17b00642e1f7d0068457b0d2cda3d,0,0.24976508125,0.8064751258333334,0.22018302450874752,0.7252112619342624
train,position_191_png.rf.0773d9c8973f9a81cc55e18b03782495,0,0.40876642925492374,0.3865804159454819,0.3507213052083334,0.3799291250000001
train,position_193_png.rf.102761c146d8963854a09da21a79e495,0,0.6978052083333334,0.7340275000000002,0.6624889543981396,0.708364909454213
train,position_194_png.rf.51a188c3f7376ada3ba9bb5feef03b6c,0,0.4805664828125,0.5606326275000001,0.46353365647328953,0.5058896689851649
train,position_195_png.rf.606a3e681d809da1168663ff06396350,0,0.7599491440426951,0.431727549533996,0.7266370687499999,0.4007721733333334
train,position_196_png.rf.025d083b566f6e4bdf388489e92656f9,0,0.8863380208333335,0.2571474999999999,0.8614984375000001,0.20843999999999985
train,position_198_png.rf.77100752cc857b893bec0ac478e09f83,0,0.135496875,0.37104750000000003,0.11802864583333333,0.28157916666666666
train,position_205_png.rf.1033c4b88ced224c4f4ae8b032f34ce7,0,0.39527760416666674,0.7725366666666666,0.3878550958442792,0.7126008795852296
train,position_207_png.rf.dac1b57c78f7d1767626f3627e9d00d1,0,0.45897777760416664,0.4760935241666668,0.4574306298200561,0.38196996850948356
train,position_208_png.rf.2070caa81a23a4e94ee6a73c1b03adc9,0,0.10437345583193279,0.291938818521888,0.07781584901610546,0.2469916025713414
train,position_210_png.rf.59f936026c1c7e7c0088e6172aea1506,0,0.19320743281250002,0.9316225391666667,0.19039455796311824,0.8370506292356594
train,position_212_png.rf.1fbaf4c2d5e18f6450d85224adf202a3,0,0.07874932925519257,0.26317735582688107,0.04103998733909897,0.2550897804676295
train,position_215_png.rf.6319c51a12436220b6e761a0aa694865,0,0.3622592005208333,0.6465126783333333,0.33041743048444944,0.6111758473601889
train,position_217_png.rf.a7d8fa94b063908942964681714f409f,0,0.3208694287188732,0.6686929910333652,0.28489620649071623,0.6435932452395102
train,position_221_png.rf.6f10e9ab6d5d3919efdb315c91663db3,0,0.6801778485937974,0.5069946790497339,0.6757730015625002,0.44602197916666664
train,position_223_png.rf.18b7739673e0cc059c8ade4730ff33bb,0,0.5267630208333334,0.3789366666666667,0.5209710552333272,0.31826395272256397
train,position_227_png.rf.072972a75db2d489380993dec0f3f854,0,0.788645272227173,0.886782754226579,0.7465692953125,0.8240932283333335
train,position_231_png.rf.2d2b5f287b34d5b9ea176c0106a651e6,0,0.3922550859375,0.4037743891666667,0.35511441522353,0.3854571076461904
train,position_232_png.rf.203af09e8c9b58f3e8967ab798ffe23a,0,0.8158159671131813,0.9416551029256853,0.7744842110655324,0.8747267395810362
train,position_235_png.rf.2581a63263c8dcb36412a462a15ac8b9,0,0.10020965929267979,0.8315789738435391,0.04980239784304189,0.7846819918683017
train,position_237_png.rf.0b9c42f02a8df43f5588fae10fde379e,0,0.15310304238340283,0.27681153307240547,0.09997934730327315,0.2412706806722835
train,position_239_png.rf.31a4ece3432cf03075af160f91c8583d,0,0.09955937499999999,0.5336800000000002,0.08570214716698714,0.4427838856124746
train,position_241_png.rf.9b75675bcb753b432bbf22560e0d7aea,0,0.04674728437500001,0.81814725,0.03136259531139845,0.759361744715003
train,position_243_png.rf.127ffe9ec1beecdb4c361fb44bb1c4e6,0,0.28920156249999995,0.7134633333333333,0.2750249176912939,0.6239898238668719
train,position_244_png.rf.68f5d77deddf5328214802b807d05bae,0,0.36165619230747115,0.4637829232037592,0.3259213427083333,0.4386853825000001
train,position_246_png.rf.1c05c807e5809458ef90c127aea1a368,0,0.5529235614835444,0.39038586625870947,0.5260138314000034,0.3090248611897827
train,position_247_png.rf.272b5560654ed9388099ea06fb386f51,0,0.36231416819729834,0.34258983294064393,0.31120683769736796,0.2985681275767736
train,position_250_png.rf.1fc46c0e6e416dbcaeee097f2aff0f0c,0,0.5008199649770149,0.448121826215668,0.4851437259480956,0.35872020508436636
train,position_253_png.rf.76bc31d26e48aa299095e67b2e3a93c5,0,0.44817103906250005,0.5574404225,0.39146692392635435,0.5436198394735804
train,position_255_png.rf.1200b26a9a99b8f6967ac3d0e3a17d98,0,0.1864560833333333,0.6847091283333333,0.18294658604876043,0.5917835145632386
train,position_260_png.rf.0c014a1afa4854a9fea223e7b4175f4c,0,0.48931654481081066,0.9338004642276432,0.44958136547247063,0.8645298469894502
train,position_261_png.rf.136a086fcfae0555be3d00f6bd131d54,0,0.7373150358757353,0.48039367796025945,0.6996026881857211,0.46710448625269474
train,position_265_png.rf.49c394412e4e699dcfcfe030a02872c1,0,0.8895359375,0.9103425,0.8833548614518707,0.8493787360300001
train,position_266_png.rf.0f103a83f77f4de22c1e146d6e4eb05b,0,0.6343837144652469,0.18910477852833624,0.5995796588541666,0.15980208333333337
train,position_268_png.rf.14b080faba36adaa0f80580c5dbfcdf8,0,0.6013982054607004,0.25233313633804416,0.5614242603234146,0.2521185111292534
train,position_269_png.rf.06a115114b91b0fc91e85f35e3569845,0,0.17315441197916664,0.5940152066666666,0.15190592796312014,0.5068448708272051
train,position_270_png.rf.64474307191e907a88b651e93aec4dcf,0,0.5724688910245626,0.3812645387486956,0.5563344597096633,0.291951108069701
train,position_271_png.rf.0404e9c06a59665c7bcdf6cf7a57b7f0,0,0.3557455187260455,0.4127462436612033,0.3056661249503227,0.36669533727229137
train,position_272_png.rf.38a2459436c3cea7ee52f8c2e8afb506,0,0.38972602494785497,0.5276372032488776,0.352829883132492,0.5105457418758812
train,position_273_png.rf.2d2b275a4dd74dcf65c50f8a2d75b66a,0,0.9938760113566985,0.20242594730192537,0.9367689005208335,0.19796110083333351
train,position_276_png.rf.7537b07d12c42a5f1a7051a39dd83a62,0,0.04927864583333332,0.5432858333333334,0.04799177061764766,0.4498577514411574
train,position_280_png.rf.1383516d2c7aeb44e3d50a5af7ee881f,0,0.6055462274426149,0.8716826555618824,0.6033085636254588,0.7781010575048004
train,position_282_png.rf.423fe52e284b3a850f90d0be1b8aa115,0,0.8816406249999998,0.8548258333333335,0.8570753800960148,0.8069427670738091
train,position_283_png.rf.33b3a940be093025ec950c996561806e,0,0.4895956833333334,0.8676825866666666,0.4880394817708334,0.7741795541666666
train,position_285_png.rf.01ea07bbd6888a9621977f3eed67e5c0,0,0.38461283697916665,0.8952341725,0.35116622968750005,0.8602117991666667
train,position_287_png.rf.8eeb81281324c4d14193fd234cf6faae,0,0.8054671746978851,0.6409085049798814,0.7586782807291665,0.5842395441666666
train,position_290_png.rf.84b3491cef25e0700993bda3436a5ff6,0,0.8877743306356224,0.6527391484592282,0.8751895480622894,0.5621795233653628
train,position_292_png.rf.00aa073ccffc1fa881a2c9fa8ab65ed6,0,0.9001801435058268,0.08568849884578289,0.8600922608227932,0.01795938888276832
train,position_296_png.rf.7f1dbfc4b08a36202663aba29d0020e7,0,0.8884906197916667,0.3405286983333335,0.8531036613757741,0.3126264720923125
train,position_298_png.rf.0e0fe09b99e51d529ad02c906f7a3d3c,0,0.5266409447916668,0.9291512991666667,0.48652260364583344,0.8616955658333336
train,position_302_png.rf.14ed22fbd21152c91ff603e48600e41f,0,0.3839918176042145,0.16954320684080523,0.36041005918354213,0.12025845814661541
train,position_304_png.rf.066e6b7a167e863156ac0d00d31c2d55,0,0.60295243125,0.5270923866666667,0.5567109528238198,0.4690856640109263
train,position_308_png.rf.60f7f4403cca6c2aa05ac0beeea5ab5e,0,0.4717561786458333,0.10905877166666675,0.4467656859375,0.06338274083333337
train,position_312_png.rf.f5fcb38985c8d6e6faeb068f27cc5dcc,0,0.5529335295412814,0.08736008092640402,0.5137848957655483,0.07766115458621975
train,position_315_png.rf.9a4421e51cff19f47c0b28e8fa20cd40,0,0.7718400208687771,0.8206791303057283,0.7519714023432934,0.7693834665946371
train,position_316_png.rf.b0c96ba597d261c5bbf2340d5b67c758,0,0.9925560133596522,0.11471888355124388,0.947428499138416,0.056082077237351674
train,position_320_png.rf.848c0e8c3d18846604270fbcbd05c704,0,0.4842167724874822,0.5341550957027609,0.4314234375,0.48921083333333343
train,position_321_png.rf.5c5a41b84480cbf874cb6a50f5f16298,0,0.6131149306984864,0.683862442407299,0.5955068374403714,0.6276481398042184
train,position_322_png.rf.1fda8bcd19b7ca66dd5c28357ceafb4c,0,0.8964779255208334,0.01712895000000002,0.8963971086689534,-0.0007008946914075498
train,position_324_png.rf.1c748b4b8fdc5ff66b348dabafc0d2ae,0,0.2440834343792996,0.9558272300778256,0.22127187499999998,0.8669033333333332
train,position_325_png.rf.4edaab893b646510c3e5e9cb206f026d,0,0.9635958717551041,0.7437907501819115,0.9457838757093682,0.6894185036819245
train,position_326_png.rf.0b3bee85cf4ccaf7e186882d6888a55a,0,0.16055885416666674,0.37406416666666675,0.1253723115360466,0.35358749346800633
train,position_328_png.rf.3b2d28adf3c1e23d9bcdacb67c2b125d,0,0.15576614583333345,0.8564725000000002,0.1199590777885076,0.8390391289836993
train,position_331_png.rf.73a6c01b3df0a8942a830c75ab2d243c,0,0.11263381420574643,0.5863866240825892,0.10514954270833334,0.4892684616666667
train,position_333_png.rf.4c0ffb0769a4d5d1e87d822c5eae6f4d,0,0.6188171421448235,0.3982754958072196,0.5656108299488575,0.3635019321224009
train,position_336_png.rf.22307bb4162f50b1fe00fa06e0bbeaf4,0,0.21829427083333336,0.4113183333333333,0.17714352747005682,0.34423329065460817
train,position_337_png.rf.995c4ee2c4d3bdadc57c8a059b785015,0,0.4837860504171354,0.8542945524442416,0.43304947916666664,0.8043725
train,position_339_png.rf.94734bf31bfb031d34114a882d39e844,0,0.2715540152143598,0.8068419927564863,0.23059895833333338,0.7396408333333335
train,position_340_png.rf.d3b5f18de37880b92059f1c9d23eaf19,0,0.09499412035756664,0.5918463453536831,0.09109146764761208,0.5325161357941139
train,position_341_png.rf.cb80933e43eeac70e5338dc9c9656b3e,0,0.8252005208333332,0.7860575000000002,0.8000902631064661,0.7414797866195685
train,position_344_png.rf.004f84024a4a4f3ffd2641bf9532252a,0,0.8055980427083332,0.833325724166667,0.7510838776041666,0.7965521583333336
train,position_346_png.rf.90adb6c51391128e8d37f9414edc922b,0,0.2549089447916667,0.7722869099999999,0.24056920298597154,0.7181402531136762
train,position_347_png.rf.39fc1daf8ef776aaaf0df5676f17ccef,0,0.07832192496019,0.1438537953166051,0.018359375000000008,0.13768333333333335
train,position_349_png.rf.627bbfb5e995f05dbc5903695695f4eb,0,0.5399070752520819,0.8000927162091256,0.5021292896204596,0.7273813569572349
train,position_351_png.rf.9e1f0dfd3c0ec2deef305d5b06caef97,0,0.885448405955504,0.8317104901280595,0.8782403811504353,0.7389400482581268
train,position_360_png.rf.1b4311ea2fb77083c8f00a20cacb2937,0,0.3006487132132981,0.2380574435902319,0.24203880312499995,0.2272252383333333
train,position_361_png.rf.07c1d795b9c1a7d962d3f93a1f88ac8a,0,0.8139362453125,0.5313616575000001,0.7924607313165386,0.4802616834906435
train,position_362_png.rf.48678c29b73537456778556e10d384bd,0,0.44462576551831806,0.46995828941804896,0.4153896385416666,0.38718095250000006
train,position_364_png.rf.e146c0c5c705f724b366554eaab6f325,0,0.9470951964418063,0.17944980564716645,0.922823734470838,0.09344375897036011
train,position_365_png.rf.01db56203126a4f85344d17875aa8550,0,0.11934180326784735,0.8620756699990394,0.08446391522986785,0.7828556276075085
train,position_371_png.rf.0ec2378d2689aa0f44f216c68d60bf41,0,0.5507187666666666,0.014919707500000072,0.5241681442674017,-0.030663191936332906
train,position_372_png.rf.5c0a46f0b0d28b255821f316836cb5e5,0,0.16954921666666667,0.130591745,0.15339577295350884,0.07661602949682403
train,position_375_png.rf.78988d359f38a7df193aca5621b30e76,0,0.6416229206008953,0.8301954830657613,0.5957901041666667,0.7719316666666667
train,position_378_png.rf.427a63ba674485a3c57c065f6e971a92,0,0.691873466274578,0.2728345015242199,0.634297089057341,0.25162168862839784
train,position_380_png.rf.772c77c044797c3f0ea491a404b1e208,0,0.5996639292253896,0.13028403426188404,0.5741277677083333,0.043677255833333394
train,position_381_png.rf.042733ef8915753c033cb5541b64bc76,0,0.7794340929124997,0.12135952238483999,0.7423249244791666,0.10318378500000014
train,position_382_png.rf.7ed17e724480c13bd5842c4d90930554,0,0.4086016510416667,0.30327133333333334,0.3510959962679014,0.2773644090477826
train,position_383_png.rf.1fe66a2036218c6c2dd205bf034ebf2f,0,0.3611499545593225,0.6068007219034585,0.3399408088624218,0.5558315614093886
train,position_384_png.rf.8f5e50ccb2c2948bf030dfc4e65a7a42,0,0.1911636671875,0.05633852833333333,0.15297920444423557,-0.011195578807955282
train,position_386_png.rf.16946c5137e96728b60f64cec0ea0a7a,0,0.4682869791666666,0.5089425,0.46276397484772386,0.449632904029019
train,position_387_png.rf.78df3a3b361258588259f9c3c501b7db,0,0.8797229718749998,0.08605232083333349,0.8437885147555435,0.06976721123442782
train,position_388_png.rf.55b08fe685b4b3d005db84f4d4109196,0,0.4309284113075875,0.1730832148936432,0.372433715625,0.14745896500000008
train,position_389_png.rf.3ac26c29a66fcd0190fd85db170bcab5,0,0.07258541666666675,0.6506566666666667,0.04338257764493676,0.6135327239584663
train,position_391_png.rf.95d2b3ffe6cfdbfa7321bc0d050653de,0,0.16244791666666664,0.23762833333333333,0.1616951668748456,0.17761817571359473
train,position_393_png.rf.6755d794eb8d0d4f9baf8654916bb215,0,0.755587183967748,0.3377441631936607,0.7215121656249999,0.30810069083333347
train,position_395_png.rf.d9f528dede634ff9e99aa13a4713eca7,0,0.8831701833604892,0.10599949124215845,0.866773220162288,0.013021304828203028
train,position_398_png.rf.26356917999c3b69a4cbd9e7fae84635,0,0.13344621041666666,0.5753249141666665,0.11420241381331828,0.48526894695008754
train,position_400_png.rf.38e800b4beb20035f5566b866a29fd0c,0,0.9638819419778651,0.7969889674678305,0.9271394783448235,0.7219829746519753
train,position_401_png.rf.30d2a9cfbd53d9a988fbc969bfb7ca53,0,0.7597866667643232,0.9158421051984904,0.7389767130208333,0.8626245791666668
train,position_402_png.rf.74ca35a0e1d169a650f683d32023d04e,0,0.4247916666666666,0.5376375,0.4105638926414243,0.4794995381644784
train,position_404_png.rf.a5f82e427f1f1cf71099f9f2cef4fef9,0,0.13591271942352948,0.34992331175728747,0.09720904166666669,0.34168227
train,position_405_png.rf.3a06966a50025dc7e3c55d4557024421,0,0.3756792328354242,0.890686038694697,0.31651041666666674,0.8783816666666668
train,position_407_png.rf.4bb34e8da57aec6e1e3e4c71d6bdaa20,0,0.28218979622125523,0.9556265115579049,0.2620707877027926,0.9015349317577833
train,position_408_png.rf.c2a265bd17117b2be896818b8bda0773,0,0.6846082835684555,0.7603709764723887,0.6310604166666668,0.7163000000000002
train,position_409_png.rf.0a9a66a6f57c1a1d3be07adc75cbec89,0,0.539388753125,0.24764167916666666,0.5376630084339278,0.18781501086847835
train,position_412_png.rf.2fcd6f21973ac71ea7288c8d1f2b47cc,0,0.3132811901041667,0.7042409083333334,0.2794959770833334,0.6739679958333333
train,position_413_png.rf.12a017c20d185fce9a83e9dc26525f5d,0,0.25763936666666665,0.6509585158333334,0.2356926171875,0.5621298925000001
train,position_414_png.rf.2651be121b122093ace8de915b99c524,0,0.06974530052861692,0.31931799939989036,0.06703125,0.2241375
train,position_415_png.rf.2d65ecebfaadf56b00b5c0d77756ddff,0,0.432965709375,0.6296123408333335,0.41024968328191674,0.5761403450126167
train,position_416_png.rf.9df42d79383af67653efb5e2b79f88cd,0,0.9202013302083333,0.03167592583333345,0.8897828565766451,-0.008671841663698198
train,position_417_png.rf.02aa40b1e54d262247605f54caa42af3,0,0.28652562500000006,0.5599845291666667,0.22925645278525478,0.5416127062860988
train,position_419_png.rf.42fa497349810cb062f80740e8dbe5ce,0,0.7911214640625001,0.53378888,0.7589520118513662,0.45389380549316627
train,position_421_png.rf.010f4531017a2c36efa42440e3a266fa,0,0.08663311458333332,0.17957899333333335,0.0484825746147896,0.10438729764050388
train,position_422_png.rf.42f1baca24de30c82b4d79f42f3f540b,0,0.6514862166666666,0.027904793333333452,0.5913642937536141,0.024028482938232662
train,position_424_png.rf.0337a49a1a76e7685f1778dfabb4caef,0,0.5651131494520635,0.407243650625747,0.5553689958333333,0.34501911416666675
train,position_425_png.rf.60b022c84aaa8f50b1a615d49ff33b99,0,0.7630142182291666,0.3377750958333334,0.7251567287267158,0.3340865712462847
train,position_427_png.rf.853d97dee55a90d91a490e98d70a310a,0,0.7140494645833333,0.27114323666666673,0.6971749460662987,0.21421905019882678
train,position_428_png.rf.59bedb7f0934c2e3e5f1d262841d05c2,0,0.3334162755208334,0.9049027141666667,0.32987636197916675,0.8439894908333334
train,position_430_png.rf.7d70175b0ae1eaa0bec96a8dbcfbd60d,0,0.3583131012911797,0.9065467942853817,0.32955052083333325,0.8236583333333333
train,position_431_png.rf.31ef58cb9dfd57a250247ed6ee9c4910,0,0.368359375,0.09824750000000007,0.33110147895257236,0.08485862351183991
train,position_432_png.rf.0dd93f2af0d64ce4099fe63572dffa7b,0,0.39355045104166664,0.33777341749999995,0.3669722626385792,0.29205095012397064
train,position_435_png.rf.75e41bf29d002d5614acc89030acf778,0,0.7675174674639709,0.8252341964930249,0.7127369791666667,0.7873241666666668
train,position_437_png.rf.0ba1459dc15b87ce47efd3db8c9ea038,0,0.4311557130208333,0.6903622575000001,0.39734144585528053,0.6570306437995822
train,position_439_png.rf.5f07787c34c907a8858f9e0e9e79e44e,0,0.16237760416666663,0.2533850000000001,0.13406855127845482,0.16882655055232626
train,position_443_png.rf.05e24138b96afe7214db075a27499f52,0,0.8819563833333333,0.59635213,0.8614639839288617,0.5443076178014435
train,position_444_png.rf.75a26a684d98e99da7beb8679fb6bb60,0,0.27862680416666674,0.13213804083333333,0.23554814322916673,0.06682068416666667
train,position_445_png.rf.962b5be910f93e887d34ba38ef572ce5,0,0.5599510508324045,0.31340987831978334,0.5248196831728734,0.29005177695341644
train,position_446_png.rf.3e79fca570747f80db496260f9fa199f,0,0.4908269215944602,0.2518240941423156,0.4871968709429712,0.18957772376805887
train,position_447_png.rf.61bfc916280eee28af4ba6ac8296aee5,0,0.6998479743502322,0.5634109526836996,0.6847004380208332,0.5035575091666668
train,position_449_png.rf.3fe438667c24254fcc5daf47590bbdb2,0,0.3902345374008648,0.8057364434543401,0.3526576944680763,0.786129808926272
train,position_451_png.rf.466619ddd33b6f648220faa82b08d673,0,0.6064558777839616,0.5327860576392758,0.6040599614471508,0.46766673469886927
train,position_452_png.rf.0f59fc332180341568dc4542bea01c48,0,0.8305557291666666,0.8305841666666668,0.784453240837521,0.7680096783710475
train,position_454_png.rf.29eee5e83d55d94f13e5fb200cf284c6,0,0.13252864583333338,0.5530683333333335,0.1110913396393682,0.5035137959292074
train,position_458_png.rf.2a4761f9dd6e3d2f110830485ec4ff93,0,0.36839852447916666,0.4863873541666666,0.36075252349003406,0.39262651063642406
train,position_459_png.rf.4d130ffbe628d3d8e70431efba8551cc,0,0.5437932198564416,0.025181369714117482,0.4844166171875,0.011029135000000056
train,position_461_png.rf.86f88fb312dc65eaa16795e766395657,0,0.8680703627405362,0.9406501748799262,0.8203362455789124,0.8848099854687737
train,position_462_png.rf.2adb61915bf6f51544d616a01c52d460,0,0.8767127578124999,0.14516789000000008,0.8635707307291666,0.0890790558333334
train,position_463_png.rf.725df7c4863d37ff3b710cab8f06f01c,0,0.7291631656296268,0.8357580624613143,0.6825699801963977,0.7760002566647353
train,position_465_png.rf.3e772f0d15fb1d515ea60570b6649acf,0,0.2988991445650768,0.970607540261639,0.2625151671875,0.8936583291666667
train,position_467_png.rf.3625ae4bf7b6ba8ce54f67d450bf0692,0,0.7477467133144969,0.13572183222157064,0.7218529176517141,0.050966550346776295
train,position_468_png.rf.205d35a41854890f78bfc5b620083ac2,0,0.8105252522382038,0.3832480681545901,0.7926967046874999,0.29186259333333336
train,position_471_png.rf.c22fe5004db4cf04843ea7f23456448c,0,0.16640353722837004,0.20902554895136286,0.1323762894319755,0.18275864191963573
train,position_472_png.rf.2b031fd420c2afce436a9e2a7efcb45c,0,0.26588541666666665,0.59171,0.23308419606030253,0.5602144005445321
train,position_473_png.rf.4ad12e93739a6c86192b7269e251bfbd,0,0.09794138602327748,0.5816698937597177,0.06017881129074585,0.5674492850383455
train,position_474_png.rf.4071501f6639d2414b42ef0feedf4dbc,0,0.2630399344643867,0.5777741789051917,0.253018340625,0.5154141008333334
train,position_479_png.rf.2dd0478e2ac3a74ed4d0222437d7c048,0,0.7267801406249998,0.19408965833333336,0.7032699771036582,0.10900526209807045
train,position_481_png.rf.714532f16878c911905998b6e2013194,0,0.7998514915575562,0.13492064375671498,0.761087363539464,0.1209052343148202
train,position_482_png.rf.50d7f878816ac57efcc4d3fb97d660c0,0,0.659784375,0.7138958333333335,0.6451313847341767,0.6544344150627923
train,position_483_png.rf.775c7185bc20b923948357b7a83bafd7,0,0.23916806995620146,0.8758483819263694,0.20086727968750004,0.8547194350000001
train,position_484_png.rf.b868425d2740e7c8045c7491828baff2,0,0.06617531013903029,0.31443615961193083,0.009386032291666695,0.28900948
train,position_487_png.rf.4d9f6577b4d51350dfcc7dc8242ffc7a,0,0.21786114010416668,0.7453389633333335,0.1935572891604386,0.6953333837881065
train,position_488_png.rf.538425ab3ffca7efb9f9d77296958e13,0,0.8735218067708332,0.856894965,0.8581593653257557,0.7998350702827132
train,position_489_png.rf.20bf5380e3eda1c5fea56b7167a1142d,0,0.39420052083333335,0.1036341666666668,0.3634790724424471,0.06415669418486379
train,position_492_png.rf.4a89e149c13b11bbb12c7cec60f930c9,0,0.7904597681868057,0.38880964912820826,0.7587592182291668,0.31017962583333314
train,position_493_png.rf.1714b3487b91ccfdfa32dd132676a559,0,0.9451963354166665,0.20896608333333358,0.9055342684061356,0.13997928195302725
train,position_494_png.rf.04d5f122a61b5497435c7464045a9f71,0,0.5595759145629593,0.844937597392003,0.5452780755003958,0.7871375116028725
train,position_495_png.rf.000db53faf76692244b882ec8a3a9a7b,0,0.4094897541666667,0.9561940133333333,0.39154436445810836,0.8990187572413254
train,position_496_png.rf.19f4591b6721c017128b591f10637a31,0,0.6009784598958332,0.5801341191666668,0.5633730433464862,0.5633098571604022
train,position_497_png.rf.d6bdcd47025b04d2ab86402d9b932198,0,0.08330808333333334,0.2697973941666667,0.05890012572668213,0.21847340541522053
train,position_500_png.rf.0962764f89dd1335070577d4c1c7b8cc,0,0.6891036961850266,0.4346849538578105,0.6848232890624999,0.3730344066666667
train,position_503_png.rf.8c9ff791494e032eb55ad570cf6ec372,0,0.20812652968750003,0.17535855250000001,0.16007299270833336,0.1220725116666667
train,position_506_png.rf.99a9e6d38b0da49678d51fc1eea15eb0,0,0.6951460610502631,0.39177710245673486,0.6854524208333331,0.33073593666666673
train,position_508_png.rf.61bb4c35f48fdb476c54042c9efe3a1a,0,0.7495954453284858,0.06438549419089437,0.7104579015614932,0.06414159077492532
train,position_512_png.rf.c9e98baacf0f4ff1844014c4294d8f62,0,0.1382439953125001,0.7111314558333334,0.10353083776988067,0.6775436276608555
train,position_513_png.rf.c0f696c52df317ce03b3a82c5dceec40,0,0.4701578125,0.9289316666666667,0.44048740278665405,0.8497922731511203
train,position_515_png.rf.1c638f40889649007925db52eb40b262,0,0.08463541666666667,0.385075,0.06962235864790055,0.2950544353579508
train,position_516_png.rf.6dc6541d78cf3eb251ff44f4c467035a,0,0.8776348958333334,0.8793900000000002,0.8201846769768569,0.8581048910410802
train,position_517_png.rf.209feccd3178d215f0a764d83c308135,0,0.716417064534727,0.8959531958986724,0.6986933170112608,0.8397256330932681
train,position_518_png.rf.2a58d6246bc2cd9d474cce808ee4c407,0,0.15630587468996485,0.3893139598744666,0.1050570980907017,0.3448329292295391
train,position_519_png.rf.9b231501ab63bd49e567d50d2aae2694,0,0.8098958333333334,0.1767816666666667,0.8006446389522242,0.08446373806823487
train,position_520_png.rf.4247a8ad4c8b8801e8795bab017f2669,0,0.4923411458333334,0.31444416666666675,0.4734213541666667,0.22666666666666666
train,position_524_png.rf.7aeb48974484245dbcc787b64341a0e1,0,0.9994791666666667,0.07336083333333362,0.9537836539118627,0.01713914312401556
train,position_526_png.rf.6c26e78ef1b3476a394b3ac986dffc8e,0,0.8086657583483823,0.8901187684930962,0.7643557291666666,0.8304533333333333
train,position_527_png.rf.ab15341d6f7ec66dc93e1524578dfdd7,0,0.9913612524537053,0.15091110493515478,0.9538010861457006,0.12441006802738996
train,position_528_png.rf.6ed80ac1231900d7b23ec8a433c1ad79,0,0.08296875000000004,0.9306441666666666,0.04208426556317188,0.8647370763282592
train,position_529_png.rf.2c9f2994335eef792262637f41dfd96b,0,0.8364514015625001,0.9496210666666669,0.8245207026041665,0.8890255058333334
train,position_530_png.rf.6b74db2e057e8d6bbb3ad4ccabf21f32,0,0.368525,0.6814691666666668,0.331773673340667,0.658753804352359
train,position_531_png.rf.a542048f39e9dc7fcc8a88ffc7af2b60,0,0.8686583333333335,0.8727275000000003,0.810123207526109,0.872333642224926
train,position_533_png.rf.bc69637a976e7d091411f2e576555dca,0,0.5479166666666667,0.3470158333333333,0.5467247686189443,0.25547806326825745
train,position_534_png.rf.411346f8d2903ecd8f55ed62c8881ec9,0,0.9719643849824564,0.1651678188458819,0.9235354166666663,0.10946583333333375
train,position_536_png.rf.221de97bb5da0354618d5af5fdeec690,0,0.7529979490683215,0.519081574125647,0.7376174442708333,0.4282432883333333
train,position_540_png.rf.058eb0e8ccb2598ed8056dd07b54a1bb,0,0.4131701452683447,0.15240264842800239,0.3552772072916667,0.14411601500000007
train,position_542_png.rf.2561a7b91b8af3bb3b37c30880806ee5,0,0.0952140625,0.32947333333333334,0.07365433792560049,0.2417696619123501
train,position_544_png.rf.5a40a6982d0a0a828b87c6b93e281110,0,0.4751690776041666,0.14727846916666668,0.43748143697916664,0.12912052916666675
train,position_546_png.rf.accd3499354a39af0b848c24f519760b,0,0.7808589288046854,0.347933760992577,0.7701918644388186,0.2869385108577187
train,position_547_png.rf.6bb60928c5a22a5d3bfcd17829dab1c1,0,0.4258366307291665,0.6359550233333334,0.40688430091548483,0.5482141757610215
train,position_548_png.rf.37098cac040b9d3886827322525b08fb,0,0.9089443175316388,0.881159618636413,0.9054267932291667,0.8186275241666668
train,position_550_png.rf.073c33a917b0d1ccb804792079c93766,0,0.8725480796874997,0.11283052833333339,0.852773392588039,0.0585458601945434
train,position_551_png.rf.3a2a2137182a4aaeb19e871361db9171,0,0.467972541981486,0.23642785160630042,0.46265423050289883,0.1438243336095505
train,position_555_png.rf.62d72303f55e904f3617642fab052e28,0,0.0645182291666667,0.30712249999999996,0.02272359009287048,0.3053228976824437
train,position_556_png.rf.0e2d633296428a7e90ae6f5301132fb7,0,0.702821750513237,0.8074860227024283,0.6626587882358719,0.804103933313523
train,position_558_png.rf.bcc2c0c7a8d93dfdc5708a08a95a56ec,0,0.7517633937474104,0.9198645686949588,0.7489184248474084,0.8563517419260436
train,position_559_png.rf.254b9d95e22fb6cd4489984792f6fdf9,0,0.4403055927083334,0.37242856,0.42674423718669935,0.28065150201212596
train,position_560_png.rf.08bc6568cb181ac2f7bff81277f3ead9,0,0.6079619151041666,0.24567962583333336,0.5922544903651069,0.1568351460467955
train,position_565_png.rf.4f3d7fe1849958180adc1cd2439e2342,0,0.4861889708333333,0.2418862841666666,0.47265597083333327,0.15130210499999994
train,position_567_png.rf.61fea5e523a0ea6e2a8d60ed3a28569a,0,0.4843401041666667,0.4921400000000001,0.44880554499566616,0.4187954097588211
train,position_568_png.rf.106c65e80435e0215b3031adc475fa66,0,0.5582152185081477,0.7726870956583309,0.5302662031561434,0.7280525724112571
train,position_570_png.rf.68d4be5a3d582d9e4ac61aeee41197b6,0,0.3915569010416666,0.7862405608333334,0.36775171979166665,0.7014170308333334
train,position_572_png.rf.322c9f01a52e290dc790ed48794db9d2,0,0.3345584773930534,0.24349462120250492,0.299191901339623,0.21153353410649076
train,position_574_png.rf.0e2e5627b0544972a5cc9ceb7c4661ec,0,0.7072635416666666,0.7700125000000001,0.6973327404231804,0.6788968310714066
train,position_576_png.rf.992fb667726b4b2563f8df831da2f62d,0,0.6031250000000001,0.759445,0.5459878663715404,0.7437103761056317
train,position_577_png.rf.170a53db4b5f10fdb8ea03937ab349ec,0,0.8581961229166666,0.32963780833333334,0.8099868016655889,0.27758232770021674
train,position_579_png.rf.80746205c45f58c5ca054e167ed78744,0,0.053999701609113146,0.6610850486955197,0.019499695833333375,0.6441026991666665
train,position_581_png.rf.2d4d4aae105766270cd9601297d3e2bf,0,0.7164913790967035,0.12636712619395535,0.6831494791666664,0.0927858333333334
train,position_583_png.rf.311c4db7083a56c944491f5699815abe,0,0.09056354166666673,0.7482133333333333,0.04628728046487529,0.6887972315068734
train,position_584_png.rf.10f0011d5fe72a44ce3fd562790dc91e,0,0.7182118128982485,0.7870947622278799,0.6686952651041668,0.7391541366666667
train,position_585_png.rf.3a5efc34795ffae982623d2e206f9b9f,0,0.34340999718069315,0.46963874631019553,0.2980893275746343,0.4096344311237978
train,position_586_png.rf.8dce585110b20f77ab527e686b8a82e2,0,0.8270421853180568,0.6641485615991235,0.7823746947916667,0.6061931125000003
train,position_587_png.rf.270b5433b3349c37141c790d58c3784e,0,0.7257823213541665,0.17017424166666673,0.6970821807591359,0.12636262746153534
train,position_588_png.rf.000769ff24585ca741376037b617c7f8,0,0.6258670755208333,0.25928249583333346,0.5873133560145357,0.24855232644928046
train,position_589_png.rf.31a1669d1b2bfcb4003a0a392c5d6742,0,0.46665234739583333,0.7282967683333333,0.4102406583333334,0.7068628083333334
train,position_591_png.rf.64e27c4f8366104177404be17662a85a,0,0.7331345667861037,0.2144730905373891,0.7167182028419207,0.1563933068500287
train,position_595_png.rf.299d13cfa9897e0c7b978cb1a1e4e48b,0,0.8306203125000001,0.9771925000000005,0.82228135361717,0.9225931121630987
train,position_597_png.rf.4cb09e3830d00c7d56ca728609361081,0,0.2725260416666667,0.4014483333333334,0.23315187837856396,0.3937723459823698
train,position_598_png.rf.0ac504839f936d9c1986d2fde6bc2725,0,0.34264287864583337,0.49962023250000004,0.2848771308095329,0.48308897994441985
train,position_599_png.rf.7533b81701963749c53101ddaf1dffc3,0,0.20699658958333328,0.8392695608333333,0.15889365170424383,0.7872515928530432
train,position_600_png.rf.3bf43f1021610fb0c26b6d6356c6e3ce,0,0.5346619239179211,0.916288476951482,0.5045541429150131,0.875268434874306
train,position_604_png.rf.5b00a43ce70d2aed7d2830a11daff78e,0,0.6953694312500001,0.09709118166666685,0.6635592661458334,0.058508868333333526
train,position_605_png.rf.1aa693c1a0c3dddb08ae8c2739ae111f,0,0.28044827968749997,0.49883575249999995,0.24100754531250004,0.4930924616666667
train,position_607_png.rf.baeea576904927713396156dc1c94d86,0,0.11313626133070007,0.9440236161067365,0.08719375000000001,0.8594516666666667
train,position_609_png.rf.df512656622a6aa5d3d2cb5d1ae34315,0,0.20329479166666672,0.9065375000000002,0.17399865941462062,0.8644163727483846
train,position_610_png.rf.b48df394cb2979ea9981b8d0c8d9cd44,0,0.9354781249999999,0.1272916666666668,0.895763469627866,0.12611193237761248
train,position_611_png.rf.ccef019414ebac0d318dc0aa9b4d17be,0,0.5380006203125002,0.5762031783333335,0.5019775542048446,0.5479593769538843
train,position_615_png.rf.76dc5cee3c7063826363d7392091bdda,0,0.5468775125,0.4305470841666668,0.5116741541666667,0.40094732916666687
train,position_616_png.rf.2f6c752f66d1273299a9e390cc0fc660,0,0.5229780502802762,0.11268212901995636,0.4652619463541666,0.09737083583333345
train,position_617_png.rf.6ee9de08e8d18600d0085c074b630221,0,0.17276530937499998,0.08918059500000003,0.13293818626937218,0.07559063471226411
train,position_618_png.rf.55fe753e2acc7e89d550cfd0d6884abf,0,0.8586834296875,0.6770518366666669,0.7998767531074066,0.6764271900628961
train,position_619_png.rf.72e561167e604acd67a64fa782469877,0,0.5913902027556893,0.8293397386085416,0.590342033820493,0.7650281467316279
train,position_620_png.rf.699ba3965bc3fecdbc74542ba311c73a,0,0.8830729166666667,0.1551550000000002,0.8518940843234993,0.11778880226758844
train,position_621_png.rf.78ebb9eb306f27f8df52447c45f5fe39,0,0.5407364583333332,0.8570533333333337,0.5108465200976172,0.7764867605121814
train,position_622_png.rf.165aee27b18cbef87898e8f733b3f8a8,0,0.21383304233502554,0.6810290353272741,0.16878697916666668,0.6207008333333334
train,position_623_png.rf.50d29494e6e35d368b1638b368ca0ed8,0,0.5858695328125,0.09960564083333333,0.5712177967157512,0.008617928347314887
train,position_624_png.rf.158a394edfed5187d2586e812c7c32eb,0,0.7311591927051315,0.11338354340844603,0.6907439853261593,0.10827502859087204
valid,position_006_png.rf.411e9f99797b744fc3da0911249afc5e,0,0.24639114583333335,0.5699716666666668,0.21537363025309084,0.4915215296305586
valid,position_039_png.rf.79cbd4295bbef6578dad4cfd1b41a081,0,0.8981765494361426,0.9377328344178416,0.886361029778555,0.8781425938307761
valid,position_064_png.rf.2094af18625966ccb1c8879f45b207a1,0,0.4483505208333334,0.4708016666666667,0.44140625000000006,0.41081416666666665
valid,position_068_png.rf.65ee7e1e4ef71f13cd1da2664d572165,0,0.8766964882820931,0.9317679706568222,0.8267578124999999,0.8836266666666671
valid,position_088_png.rf.4a71d2e3300c634ec6dc67677155b943,0,0.39778453384879026,0.8874527533990618,0.34909681549480653,0.8363899349374772
valid,position_089_png.rf.bcd030a0f8b38d6eb5c216b847fa284a,0,0.7309459899088945,0.8558699080505631,0.6937822916666667,0.7845733333333333
valid,position_096_png.rf.ead1b0154f5c89b9b873789da3c2106b,0,0.8727963541666666,0.9334866666666665,0.8407346206428389,0.8553953405478179
valid,position_099_png.rf.43c728087709b555b917680d814526fb,0,0.5754687500000001,0.7179750000000003,0.5409388298586661,0.6908956774970285
valid,position_102_png.rf.220c0048579a869c17dac23b8f5ee65a,0,0.17623125,0.5965566666666667,0.13371180188846393,0.5312878857068317
valid,position_104_png.rf.c4545cdd6450aba93455bf89d66302c9,0,0.9257394205497859,0.8504430748166363,0.8685765624999999,0.8254025
valid,position_121_png.rf.9859b1da58bad44d92d4ea650c567481,0,0.3400627172068724,0.7521546284974819,0.30430885416666675,0.6782266666666668
valid,position_145_png.rf.fd57f28637932efa056359399a5fefab,0,0.9757911925935517,0.21679544262889403,0.9699921875000002,0.1232583333333333
valid,position_146_png.rf.7c723d3512f62cb49d630c2d6255ec51,0,0.272266400930214,0.04721388230455988,0.25069721447480314,-0.00007004553173158475
valid,position_149_png.rf.3e478fca0e1edd45250f2b7453596ecd,0,0.6387303115707506,0.8789129509010866,0.5812500000000002,0.8601883333333338
valid,position_154_png.rf.02613e662d74a7ca7066c0cb763135d9,0,0.19229943064115707,0.15842253555853678,0.17965052083333335,0.06819999999999998
valid,position_157_png.rf.fdd4ab7a00c09b17c28938e3abf8281e,0,0.47739717282836275,0.0958918090128339,0.4285662307084272,0.04533133081684293
valid,position_219_png.rf.5229820f7b547ddc31007e5296ca8d04,0,0.5498265625,0.6416433333333333,0.5323706984455209,0.586868023978048
valid,position_224_png.rf.18d36063aa33fc25831d80cdbf643b99,0,0.31266951249916475,0.7197765553471278,0.2758244791666667,0.6481766666666667
valid,position_230_png.rf.9e7a2a80a1eaeb0dd0d9f78d9682537e,0,0.2588911458333334,0.2732583333333334,0.20308802083333333,0.24873916666666668
valid,position_240_png.rf.d300921ec78cb0c6de21bc7a07b97511,0,0.34557430052460464,0.40236524699692355,0.28768737614032847,0.4016398883070478
valid,position_245_png.rf.1505473725aacd1d0ad626c614a91f52,0,0.20629739583333334,0.9482149999999999,0.17653620342335324,0.8684636995241963
valid,position_259_png.rf.151837a960c9be2a0cb2aacada2679ed,0,0.10653425525193179,0.5097987550264439,0.068082884091544,0.5068696901376107
valid,position_262_png.rf.2bd11b22306d97753ce5ad75fb25adff,0,0.30256718750000006,0.5136625,0.2827818263606747,0.45938244943558676
valid,position_279_png.rf.4c229584cf51198f19eacffc70724178,0,0.43910462614033624,0.7297683043008796,0.39084218750000005,0.6754708333333334
valid,position_289_png.rf.949c4c134d9c4b34b7b2837f3f37fbbe,0,0.8225328125,0.05785250000000005,0.8123255009042943,-0.00022851406655481318
valid,position_299_png.rf.cb637f50ccdbadd6914e03bc26891f18,0,0.40113645833333333,0.15481916666666673,0.36232254096903815,0.14828034100128526
valid,position_334_png.rf.a3cfb2fb793c57df9bb7c96466f6e362,0,0.12832472762093217,0.8545582716049325,0.07361313608358021,0.8169528211073479
valid,position_353_png.rf.c92acd8f617912d1160db714a873df3d,0,0.43039427083333337,0.4714108333333335,0.3761177756671356,0.43402810873834086
valid,position_355_png.rf.da1a2f878ec3b53355f580f5522c1041,0,0.6331598958333333,0.106855,0.609116146781248,0.020610654449392123
valid,position_356_png.rf.1a2ea10159002b12debdeafa50544401,0,0.6554822916666666,0.3091658333333335,0.6373096376021904,0.2177002115856097
valid,position_368_png.rf.a3465c217fee71d2fdea4047d6e38fe3,0,0.3830669488819401,0.11662956865320019,0.33238696490069597,0.06854518669018733
valid,position_379_png.rf.de5973406d93142c2aa8cb1c816851da,0,0.593003717182907,0.8542339832209277,0.5614281861270349,0.8199276916781923
valid,position_385_png.rf.3187a83d1fae3eab37bbbb8eb159ae27,0,0.30095207380727385,0.6775996845996242,0.2509143311596591,0.6289000780359816
valid,position_406_png.rf.dcfa3b3b71804eeaa215b3eb02f0629f,0,0.8396436460536758,0.7991924770463834,0.780258921977435,0.7905561495330586
valid,position_420_png.rf.d6c1945f86c110af52af0aad85538a41,0,0.33921875,0.6133908333333334,0.30064011433461624,0.6036542892396833
valid,position_423_png.rf.ea98b369cb6b9dc2eca710b09c6179b4,0,0.19742912151921815,0.4771764549530571,0.137767989827456,0.47625640814411174
valid,position_434_png.rf.ab702b16103de582fef5c8bcc7a0eead,0,0.8418838541666667,0.7929541666666668,0.7896087981222469,0.7479396368136879
valid,position_510_png.rf.4aec13eabc4bad776bdd4bc8ac9968b0,0,0.46105863042201123,0.213191969996097,0.4210286458333333,0.21170333333333344
valid,position_532_png.rf.46bb9d1777317529691ff855cec064fc,0,0.5787989583333335,0.6489891666666668,0.5378175368223533,0.5842197646166865
valid,position_543_png.rf.f3be9b4e1c79f6e7ea46af06b69373e3,0,0.5114586366661611,0.4241267891710518,0.45569427083333325,0.3971433333333334
test,position_036_png.rf.b1688a8b0f571152625bf81dcf8ff565,0,0.13441510416666672,0.6125408333333333,0.09745111627651172,0.5874663692681774
test,position_044_png.rf.db00d3e3f409475740a3f4653e866b7e,0,0.3294098958333333,0.8697400000000001,0.309230419289083,0.7839467192268275
test,position_061_png.rf.31646c0452cba1360a3450ee39d7269a,0,0.6889830044261857,0.6905366755246386,0.6507771742835405,0.6851941270600935
test,position_080_png.rf.3c82aa5143912569d6c03df74b785052,0,0.6232365884945454,0.25745228918808605,0.5829186783670773,0.1889975705802931
test,position_091_png.rf.af0de64e11015a06fc30da10d161c6d9,0,0.32784479166666664,0.8220216666666668,0.278832481643604,0.7730922046089074
test,position_092_png.rf.425091cfb17230c12d477bb3d53e04b5,0,0.15864940396068164,0.9590887745312686,0.12220625000000004,0.8927725000000002
test,position_120_png.rf.4acbcc915b111fe057279ca842fed519,0,0.13072916666666667,0.2324741666666667,0.09460181355167234,0.2069369792653438
test,position_122_png.rf.038cf96dbceeee073db3ba9ed1fd76ac,0,0.40945936528259935,0.5404850364374529,0.3829328125,0.45767500000000005
test,position_134_png.rf.ccff8d820e940f2b122b3deadf89de93,0,0.469131649899937,0.4478037344293774,0.41122713864167615,0.42650670878498875
test,position_138_png.rf.4dcba7308a38deebeb954ec34263cd87,0,0.6983546988693258,0.7342533536159055,0.6405447916666667,0.7194033333333334
test,position_153_png.rf.c7b3c8b981bb815fee17c19e41aba18b,0,0.5146079001025566,0.8168863468000283,0.4861787073463106,0.7729783190983924
test,position_158_png.rf.ef875bc43e86dd3fa8d11882c92e1428,0,0.36423368763897923,0.6234548223831339,0.32638906250000016,0.6068083333333334
test,position_164_png.rf.45737955e9a0598242f63f477cbba681,0,0.4,0.3080758333333334,0.362429510962927,0.2967731621089891
test,position_167_png.rf.5a23ad79d5e53a2bd6e1506d8f7dc758,0,0.32430572916666667,0.1869091666666667,0.2964541026223141,0.14196387969990668
test,position_211_png.rf.2cb4555190d0f095d017ab569a60278c,0,0.6379430918977869,0.8733255121164537,0.6264275560176479,0.781220487426269
test,position_220_png.rf.bfc4e7b4735e877c7d5a342a2d0b05fc,0,0.42513993310561077,0.06026071234409585,0.3933130886639992,0.02430565645938671
test,position_228_png.rf.8d30723b5223283c55a7e40f681b6f97,0,0.1983942708333333,0.1828783333333334,0.1718076427681171,0.09902178791404845
test,position_248_png.rf.487d75502806d33b0a7ebb9062a1a06a,0,0.35833333333333345,0.8532200000000002,0.30287656947301217,0.8214063127732779
test,position_256_png.rf.df874fb2b31a5e530340ffbadb122125,0,0.4654645833333333,0.9232458333333333,0.41057708333333337,0.8935091666666669
test,position_257_png.rf.bc6286b9ed372111a7e14e5c3838047a,0,0.9997087785846247,0.13393762222048441,0.9629989372078458,0.06263924281871103
test,position_258_png.rf.a3dbfdebfe77eee6a5c9be7db7881c43,0,0.1797307291666667,0.2727466666666667,0.16148952560857446,0.18434640671523692
test,position_294_png.rf.314b36ce12561ec031d4cdb7119989a8,0,0.2781994791666666,0.4916333333333335,0.2771235783139134,0.4296641827469809
test,position_300_png.rf.447c7b4c53f6a2e0bf82332900d3edcb,0,0.5966145833333333,0.2626625000000001,0.5703004238439712,0.1792834007088357
test,position_309_png.rf.5c8babdcac65ceb0fc9fa1663d820106,0,0.3313177818615227,0.6174856150882003,0.2950244204179742,0.5950426543329558
test,position_327_png.rf.8df76e1a012cca6c231f1dcf073d7dd0,0,0.5198786458333333,0.3233050000000001,0.48559927495465344,0.24658553444713827
test,position_342_png.rf.c2d9d4687546b5d0ebe1f745fabd861a,0,0.17323697916666667,0.30523750000000005,0.14353274879840017,0.27085296000136466
test,position_374_png.rf.7182170307e0c98d32e68b7a77067fe5,0,0.8636954303311968,0.7721800860111746,0.8264755208333335,0.7621175000000002
test,position_377_png.rf.a4a4c00056280579ba67a15c0454f68e,0,0.209129788995395,0.2516525188016902,0.1525671875,0.2227758333333334
test,position_403_png.rf.630faffb5eea204a6f03923cbdf1fc59,0,0.3633526579798669,0.33575449237002897,0.31110145574041453,0.2869655666537105
test,position_410_png.rf.ba8f96eb5e8245eaa0f92035b7e6de65,0,0.4745614583333334,0.7379608333333334,0.4389126770053882,0.7085002903428612
test,position_426_png.rf.970fc336f62ef7d0c5e2b9ca3091fe21,0,0.3656767235358791,0.4305805287073383,0.33163606275936,0.3527893729586424
test,position_429_png.rf.833adeb5a790668af388be961d36d146,0,0.6835698574937681,0.7069127626682177,0.6505864278427759,0.6721561691160635
test,position_433_png.rf.d3cf99e1f62b1ba865404418b1b0c857,0,0.3380208333333333,0.9317033333333334,0.309970586718232,0.8888314578160522
test,position_440_png.rf.76130a7639812b7226451fd3acc68b82,0,0.12825159494477098,0.8745407127435986,0.1227161154426689,0.8137961979379221
test,position_441_png.rf.a25f41f35d1f574968739ba468ef9efa,0,0.9054715539254771,0.8800028946420347,0.8916662949099826,0.7877520777901615
test,position_453_png.rf.6474ba9491f30602cb56c4c9502c9d8f,0,0.6700812500000001,0.23736833333333346,0.6423091294029727,0.1929236507869802
test,position_455_png.rf.99612c9125cab60c12150d9ff73d7762,0,0.31112420938942903,0.8832956160159923,0.30732042916425234,0.8240987327668864
test,position_464_png.rf.32445e54eb5e2e55962107a8bc9655ad,0,0.462996152066478,0.7572978364584094,0.4615197358500734,0.6624155795993613
test,position_469_png.rf.4a391b17946fd702468b5094d74d2031,0,0.13798593750000004,0.43462000000000006,0.10598173319175085,0.39882598118007145
test,position_593_png.rf.ec9c4eec2fb42c9a6422cc9ee83aaa18,0,0.15087135416666667,0.2655625,0.09976614583333335,0.22448250000000003
